Names;Link
Content;https://www.zorro-trader.com/manual/en/content.htm
Getting Started;https://www.zorro-trader.com/manual/en/started.htm
What's New?;https://www.zorro-trader.com/manual/en/new.htm
Main Topics;https://www.zorro-trader.com/manual/en/started.htm
Trading Strategies;https://www.zorro-trader.com/manual/en/strategy.htm
Bars and Candles;https://www.zorro-trader.com/manual/en/bars.htm
Testing;https://www.zorro-trader.com/manual/en/testing.htm
Training;https://www.zorro-trader.com/manual/en/training.htm
Trading;https://www.zorro-trader.com/manual/en/trading.htm
Retraining;https://www.zorro-trader.com/manual/en/retraining.htm
Log Messages;https://www.zorro-trader.com/manual/en/log.htm
Chart Viewer / Debugger;https://www.zorro-trader.com/manual/en/chart.htm
Performance Report;https://www.zorro-trader.com/manual/en/performance.htm
Asset and Account Lists;https://www.zorro-trader.com/manual/en/account.htm
Asset Symbols;https://www.zorro-trader.com/manual/en/symbol.htm
Deep Learning;https://www.zorro-trader.com/manual/en/deeplearning.htm
Money Management;https://www.zorro-trader.com/manual/en/optimalf.htm
Monte Carlo Analysis;https://www.zorro-trader.com/manual/en/montecarlo.htm
Equity Curve Trading;https://www.zorro-trader.com/manual/en/trademode.htm
Virtual Hedging;https://www.zorro-trader.com/manual/en/hedge.htm
Included Scripts;https://www.zorro-trader.com/manual/en/scripts.htm
Migrating Scripts;https://www.zorro-trader.com/manual/en/conversion.htm
Visual Studio;https://www.zorro-trader.com/manual/en/dlls.htm
R Bridge;https://www.zorro-trader.com/manual/en/rbridge.htm
Python Bridge;https://www.zorro-trader.com/manual/en/python.htm
Command Line Options;https://www.zorro-trader.com/manual/en/command.htm
Zorro.ini Setup;https://www.zorro-trader.com/manual/en/ini.htm
Integrating Zorro;https://www.zorro-trader.com/manual/en/engine.htm
Script Editor;https://www.zorro-trader.com/manual/en/npp.htm
Strategy Coding, 1-8;https://www.zorro-trader.com/manual/en/tutorial_var.htm
W4 - Trend Trading;https://www.zorro-trader.com/manual/en/tutorial_trade.htm
W4a - Indicator implementation;https://www.zorro-trader.com/manual/en/tutorial_lowpass.htm
W5 - Optimizing, WFO;https://www.zorro-trader.com/manual/en/tutorial_fisher.htm
W6 - Portfolios, Money Management;https://www.zorro-trader.com/manual/en/tutorial_kelly.htm
W7 - Machine Learning;https://www.zorro-trader.com/manual/en/tutorial_pre.htm
W8 - Options Trading;https://www.zorro-trader.com/manual/en/tutorial_options.htm
R Lectures, 1-7;https://www.zorro-trader.com/manual/en/Lecture 1.htm
Lecture 2;https://www.zorro-trader.com/manual/en/Lecture 2.htm
Lecture 3;https://www.zorro-trader.com/manual/en/Lecture 3.htm
Lecture 4;https://www.zorro-trader.com/manual/en/Lecture 4.htm
Lecture 5;https://www.zorro-trader.com/manual/en/Lecture 5.htm
Lecture 6;https://www.zorro-trader.com/manual/en/Lecture 6.htm
Lecture 7;https://www.zorro-trader.com/manual/en/Lecture 7.htm
Variables;https://www.zorro-trader.com/manual/en/aarray.htm
Pointers;https://www.zorro-trader.com/manual/en/apointer.htm
Structs;https://www.zorro-trader.com/manual/en/structs.htm
Functions;https://www.zorro-trader.com/manual/en/function.htm
return;https://www.zorro-trader.com/manual/en/return.htm
Expressions;https://www.zorro-trader.com/manual/en/expressions.htm
Comparisons;https://www.zorro-trader.com/manual/en/comparisions.htm
if .. else;https://www.zorro-trader.com/manual/en/if.htm
while, do;https://www.zorro-trader.com/manual/en/while.htm
for;https://www.zorro-trader.com/manual/en/for.htm
switch .. case;https://www.zorro-trader.com/manual/en/switch.htm
break;https://www.zorro-trader.com/manual/en/acrt-break.htm
continue;https://www.zorro-trader.com/manual/en/acrt-continue.htm
#include;https://www.zorro-trader.com/manual/en/include.htm
#ifdef, #ifndef, #else, #endif;https://www.zorro-trader.com/manual/en/ifdef.htm
#define, #undef;https://www.zorro-trader.com/manual/en/define.htm
Lite-C Headers;https://www.zorro-trader.com/manual/en/litec_h.htm
DLLs and APIs;https://www.zorro-trader.com/manual/en/litec_api.htm
Conversion from other platforms;https://www.zorro-trader.com/manual/en/conversion.htm
Conversion from C++, C#;https://www.zorro-trader.com/manual/en/litec_c.htm
Functions;https://www.zorro-trader.com/manual/en/funclist.htm
abs;https://www.zorro-trader.com/manual/en/abs.htm
sign;https://www.zorro-trader.com/manual/en/sign.htm
min, max;https://www.zorro-trader.com/manual/en/min.htm
between;https://www.zorro-trader.com/manual/en/between.htm
invalid;https://www.zorro-trader.com/manual/en/invalid.htm
clamp;https://www.zorro-trader.com/manual/en/clamp.htm
cdf, erf, dnorm, qnorm;https://www.zorro-trader.com/manual/en/cdf.htm
sqrt;https://www.zorro-trader.com/manual/en/avar-sqrt.htm
exp;https://www.zorro-trader.com/manual/en/avar-exp.htm
log;https://www.zorro-trader.com/manual/en/avar-log.htm
pow;https://www.zorro-trader.com/manual/en/avar-pow.htm
modf;https://www.zorro-trader.com/manual/en/modf.htm
sin, cos, tan;https://www.zorro-trader.com/manual/en/avar-sin.htm
asin, acos, atan, atan2;https://www.zorro-trader.com/manual/en/avar-asin.htm
sinh, cosh, tanh;https://www.zorro-trader.com/manual/en/avar-sinh.htm
floor, ceil;https://www.zorro-trader.com/manual/en/floor.htm
round, roundto;https://www.zorro-trader.com/manual/en/round.htm
normalize, zscore;https://www.zorro-trader.com/manual/en/norm.htm
random, seed;https://www.zorro-trader.com/manual/en/random.htm
vector, matrix;https://www.zorro-trader.com/manual/en/matrix.htm
fuzzy logic;https://www.zorro-trader.com/manual/en/fuzzy.htm
run;https://www.zorro-trader.com/manual/en/run.htm
tick, tock;https://www.zorro-trader.com/manual/en/tick.htm
bar;https://www.zorro-trader.com/manual/en/bar.htm
series;https://www.zorro-trader.com/manual/en/series.htm
asset, assetList, ...;https://www.zorro-trader.com/manual/en/asset.htm
assetHistory;https://www.zorro-trader.com/manual/en/loadhistory.htm
price, ...;https://www.zorro-trader.com/manual/en/price.htm
algo;https://www.zorro-trader.com/manual/en/algo.htm
contract, ...;https://www.zorro-trader.com/manual/en/contract.htm
combo, ...;https://www.zorro-trader.com/manual/en/combo.htm
enterLong, enterShort;https://www.zorro-trader.com/manual/en/buylong.htm
exitLong, exitShort, exitTrade;https://www.zorro-trader.com/manual/en/selllong.htm
adviseLong, adviseShort;https://www.zorro-trader.com/manual/en/advisor.htm
results;https://www.zorro-trader.com/manual/en/results.htm
for(open_trades), ...;https://www.zorro-trader.com/manual/en/fortrades.htm
trade functions;https://www.zorro-trader.com/manual/en/trade.htm
markowitz;https://www.zorro-trader.com/manual/en/markowitz.htm
distribute, knapsack;https://www.zorro-trader.com/manual/en/renorm.htm
optimize;https://www.zorro-trader.com/manual/en/optimize.htm
objective, parameters;https://www.zorro-trader.com/manual/en/objective.htm
loop;https://www.zorro-trader.com/manual/en/loop.htm
set, is;https://www.zorro-trader.com/manual/en/mode.htm
order;https://www.zorro-trader.com/manual/en/order.htm
login;https://www.zorro-trader.com/manual/en/login.htm
brokerCommand;https://www.zorro-trader.com/manual/en/brokercommand.htm
Indicators;https://www.zorro-trader.com/manual/en/ta.htm
Candle Patterns;https://www.zorro-trader.com/manual/en/candle.htm
Statistics, Transformations;https://www.zorro-trader.com/manual/en/transform.htm
Spectral Analysis;https://www.zorro-trader.com/manual/en/filter.htm
Normalization;https://www.zorro-trader.com/manual/en/norm.htm
price, ...;https://www.zorro-trader.com/manual/en/price.htm
frame, frameSync;https://www.zorro-trader.com/manual/en/frame.htm
dayHigh, dayLow, ...;https://www.zorro-trader.com/manual/en/day.htm
Time / Calendar;https://www.zorro-trader.com/manual/en/month.htm
crossOver, crossUnder;https://www.zorro-trader.com/manual/en/crossover.htm
peak, valley;https://www.zorro-trader.com/manual/en/peak.htm
rising, falling;https://www.zorro-trader.com/manual/en/rising.htm
slope, line;https://www.zorro-trader.com/manual/en/slope.htm
sortData, sortIdx;https://www.zorro-trader.com/manual/en/sortdata.htm
shift;https://www.zorro-trader.com/manual/en/shift.htm
rev;https://www.zorro-trader.com/manual/en/rev.htm
diff;https://www.zorro-trader.com/manual/en/diff.htm
filter, renorm;https://www.zorro-trader.com/manual/en/cfilter.htm
randomize;https://www.zorro-trader.com/manual/en/randomize.htm
predict;https://www.zorro-trader.com/manual/en/predict.htm
adviseLong, adviseShort;https://www.zorro-trader.com/manual/en/advisor.htm
contractCPD;https://www.zorro-trader.com/manual/en/contractcpd.htm
orderCVD;https://www.zorro-trader.com/manual/en/ordercvd.htm
frechet;https://www.zorro-trader.com/manual/en/detect.htm
CBI;https://www.zorro-trader.com/manual/en/ddscale.htm
markowitz;https://www.zorro-trader.com/manual/en/markowitz.htm
distribute, knapsack;https://www.zorro-trader.com/manual/en/renorm.htm
polyfit, polynom;https://www.zorro-trader.com/manual/en/polyfit.htm
evaluate;https://www.zorro-trader.com/manual/en/evaluate.htm
bar;https://www.zorro-trader.com/manual/en/bar.htm
Fuzzy Logic;https://www.zorro-trader.com/manual/en/fuzzy.htm
Seasonal Analysis;https://www.zorro-trader.com/manual/en/profile.htm
Seasonal Strength;https://www.zorro-trader.com/manual/en/season.htm
Currency Strength;https://www.zorro-trader.com/manual/en/ccy.htm
Commitment Of Traders;https://www.zorro-trader.com/manual/en/cot.htm
slider;https://www.zorro-trader.com/manual/en/slider.htm
panel, ...;https://www.zorro-trader.com/manual/en/panel.htm
printf, print, msg;https://www.zorro-trader.com/manual/en/printf.htm
progress;https://www.zorro-trader.com/manual/en/progress.htm
sound;https://www.zorro-trader.com/manual/en/sound.htm
plot, plotBar, ...;https://www.zorro-trader.com/manual/en/plot.htm
plotProfile, ...;https://www.zorro-trader.com/manual/en/profile.htm
color;https://www.zorro-trader.com/manual/en/color.htm
assetHistory;https://www.zorro-trader.com/manual/en/loadhistory.htm
loadStatus, saveStatus;https://www.zorro-trader.com/manual/en/loadstatus.htm
putvar, getvar;https://www.zorro-trader.com/manual/en/putvar.htm
login;https://www.zorro-trader.com/manual/en/login.htm
exec;https://www.zorro-trader.com/manual/en/exec.htm
keys;https://www.zorro-trader.com/manual/en/keys.htm
mouse;https://www.zorro-trader.com/manual/en/mouse.htm
window;https://www.zorro-trader.com/manual/en/window.htm
email;https://www.zorro-trader.com/manual/en/email.htm
report;https://www.zorro-trader.com/manual/en/report.htm
String Functions;https://www.zorro-trader.com/manual/en/str_.htm
File Functions;https://www.zorro-trader.com/manual/en/file_.htm
Dataset Functions;https://www.zorro-trader.com/manual/en/data.htm
HTTP functions;https://www.zorro-trader.com/manual/en/http.htm
FTP functions;https://www.zorro-trader.com/manual/en/ftp.htm
Process functions;https://www.zorro-trader.com/manual/en/engine.htm
ifelse;https://www.zorro-trader.com/manual/en/ifelse.htm
require, version;https://www.zorro-trader.com/manual/en/version.htm
call;https://www.zorro-trader.com/manual/en/call.htm
exec;https://www.zorro-trader.com/manual/en/exec.htm
wait;https://www.zorro-trader.com/manual/en/sleep.htm
once;https://www.zorro-trader.com/manual/en/once.htm
zInit, zOpen, ...;https://www.zorro-trader.com/manual/en/engine.htm
DefineApi, LoadLibrary;https://www.zorro-trader.com/manual/en/litec_api.htm
watch;https://www.zorro-trader.com/manual/en/watch.htm
lock, unlock;https://www.zorro-trader.com/manual/en/lock.htm
setf, resf, isf;https://www.zorro-trader.com/manual/en/setf.htm
timer;https://www.zorro-trader.com/manual/en/timer.htm
malloc, free, ...;https://www.zorro-trader.com/manual/en/sys_malloc.htm
memory;https://www.zorro-trader.com/manual/en/memory.htm
window;https://www.zorro-trader.com/manual/en/window.htm
quit;https://www.zorro-trader.com/manual/en/quit.htm
Mode flags;https://www.zorro-trader.com/manual/en/mode.htm
Status flags;https://www.zorro-trader.com/manual/en/is.htm
System strings;https://www.zorro-trader.com/manual/en/script.htm
Window handle;https://www.zorro-trader.com/manual/en/hwnd.htm
BarPeriod, TimeFrame;https://www.zorro-trader.com/manual/en/barperiod.htm
Dates, holidays, market;https://www.zorro-trader.com/manual/en/date.htm
Time zones;https://www.zorro-trader.com/manual/en/assetzone.htm
Bar, NumBars, ...;https://www.zorro-trader.com/manual/en/numbars.htm
LookBack, UnstablePeriod, ...;https://www.zorro-trader.com/manual/en/lookback.htm
Oversampling;https://www.zorro-trader.com/manual/en/numsamplecycles.htm
Walk-Forward optimization;https://www.zorro-trader.com/manual/en/numwfocycles.htm
Cold Blood Index;https://www.zorro-trader.com/manual/en/ddscale.htm
Simulation cycles;https://www.zorro-trader.com/manual/en/numtotalcycles.htm
Multiple cores;https://www.zorro-trader.com/manual/en/numcores.htm
DataSplit, DataSkip, ...;https://www.zorro-trader.com/manual/en/dataslope.htm
TickTime, MaxRequests, ...;https://www.zorro-trader.com/manual/en/ticktime.htm
Stop, Profit, Trail, Entry, ...;https://www.zorro-trader.com/manual/en/stop.htm
LifeTime, EntryTime, ...;https://www.zorro-trader.com/manual/en/timewait.htm
Margin, Risk, Lots, ...;https://www.zorro-trader.com/manual/en/lots.htm
Spread, Commission, ...;https://www.zorro-trader.com/manual/en/spread.htm
PIP, PIPCost, Leverage, ...;https://www.zorro-trader.com/manual/en/pip.htm
Balance, Equity, ...;https://www.zorro-trader.com/manual/en/balance.htm
ContractType, Multiplier, ...;https://www.zorro-trader.com/manual/en/contracts.htm
NumAssetsListed;https://www.zorro-trader.com/manual/en/numassets.htm
AlgoVar, AssetVar, AssetStr;https://www.zorro-trader.com/manual/en/algovar.htm
OptimalF, money management;https://www.zorro-trader.com/manual/en/optimalf.htm
Monte Carlo analysis;https://www.zorro-trader.com/manual/en/montecarlo.htm
Detrend, shuffling;https://www.zorro-trader.com/manual/en/detrend.htm
Hedge modes;https://www.zorro-trader.com/manual/en/hedge.htm
Fill modes;https://www.zorro-trader.com/manual/en/fill.htm
Verbose;https://www.zorro-trader.com/manual/en/verbose.htm
SaveMode;https://www.zorro-trader.com/manual/en/loadstatus.htm
BarMode;https://www.zorro-trader.com/manual/en/barmode.htm
TradeMode;https://www.zorro-trader.com/manual/en/trademode.htm
TrainMode;https://www.zorro-trader.com/manual/en/opt.htm
PlotMode;https://www.zorro-trader.com/manual/en/plotmode.htm
PlotBars, PlotWidth, ...;https://www.zorro-trader.com/manual/en/plotbars.htm
Command line;https://www.zorro-trader.com/manual/en/cmd.htm
Colors;https://www.zorro-trader.com/manual/en/colors.htm
Trade Variables;https://www.zorro-trader.com/manual/en/trade.htm
Trade Statistics;https://www.zorro-trader.com/manual/en/winloss.htm
Strategy Statistics;https://www.zorro-trader.com/manual/en/statistics.htm
Price History;https://www.zorro-trader.com/manual/en/history.htm
Asset / Account Lists;https://www.zorro-trader.com/manual/en/account.htm
Zorro.ini;https://www.zorro-trader.com/manual/en/ini.htm
Exported Files;https://www.zorro-trader.com/manual/en/export.htm
Troubleshooting;https://www.zorro-trader.com/manual/en/trouble.htm
Log Messages;https://www.zorro-trader.com/manual/en/log.htm
Error Messages;https://www.zorro-trader.com/manual/en/errors.htm
F.A.Q.;https://www.zorro-trader.com/manual/en/afaq.htm
The Z Strategies;https://www.zorro-trader.com/manual/en/zsystems.htm
Zorro and the Brokers;https://www.zorro-trader.com/manual/en/brokers.htm
Broker Arbitrage;https://www.zorro-trader.com/manual/en/brokerarb.htm
Broker API;https://www.zorro-trader.com/manual/en/brokerplugin.htm
MT4 / MT5;https://www.zorro-trader.com/manual/en/mt4plugin.htm
Sierra Chart;https://www.zorro-trader.com/manual/en/sierra.htm
Oanda;https://www.zorro-trader.com/manual/en/oanda.htm
FXCM;https://www.zorro-trader.com/manual/en/fxcm.htm
IB;https://www.zorro-trader.com/manual/en/ib.htm
IG;https://www.zorro-trader.com/manual/en/ig.htm
Dukascopy;https://www.zorro-trader.com/manual/en/dukascopy.htm
Ally Invest;https://www.zorro-trader.com/manual/en/ally.htm
Binance;https://www.zorro-trader.com/manual/en/binance.htm
Bitfinex;https://www.zorro-trader.com/manual/en/bitfinex.htm
Bittrex;https://www.zorro-trader.com/manual/en/bittrex.htm
Coinigy;https://www.zorro-trader.com/manual/en/coinigy.htm
IEX;https://www.zorro-trader.com/manual/en/iex.htm
NxCore;https://www.zorro-trader.com/manual/en/nxcore.htm
Zorro in the Cloud;https://www.zorro-trader.com/manual/en/vps.htm
Formats Cheat Sheet;https://www.zorro-trader.com/manual/en/format.htm
Tips & Tricks;https://www.zorro-trader.com/manual/en/tips.htm
Links & Books;https://www.zorro-trader.com/manual/en/links.htm
Licenses;https://www.zorro-trader.com/manual/en/restrictions.htm
Credits & Disclaimer;https://www.zorro-trader.com/manual/en/credits.htm
